Date,Year,Quarter,Month,Day
1-Jan-18,2018,Qtr 1,Jan,Mon
2-Jan-18,2018,Qtr 1,Jan,Tue
3-Jan-18,2018,Qtr 1,Jan,Wed
4-Jan-18,2018,Qtr 1,Jan,Thu
5-Jan-18,2018,Qtr 1,Jan,Fri
6-Jan-18,2018,Qtr 1,Jan,Sat
7-Jan-18,2018,Qtr 1,Jan,Sun
8-Jan-18,2018,Qtr 1,Jan,Mon
9-Jan-18,2018,Qtr 1,Jan,Tue
10-Jan-18,2018,Qtr 1,Jan,Wed
11-Jan-18,2018,Qtr 1,Jan,Thu
12-Jan-18,2018,Qtr 1,Jan,Fri
13-Jan-18,2018,Qtr 1,Jan,Sat
14-Jan-18,2018,Qtr 1,Jan,Sun
15-Jan-18,2018,Qtr 1,Jan,Mon
16-Jan-18,2018,Qtr 1,Jan,Tue
17-Jan-18,2018,Qtr 1,Jan,Wed
18-Jan-18,2018,Qtr 1,Jan,Thu
19-Jan-18,2018,Qtr 1,Jan,Fri
20-Jan-18,2018,Qtr 1,Jan,Sat
21-Jan-18,2018,Qtr 1,Jan,Sun
22-Jan-18,2018,Qtr 1,Jan,Mon
23-Jan-18,2018,Qtr 1,Jan,Tue
24-Jan-18,2018,Qtr 1,Jan,Wed
25-Jan-18,2018,Qtr 1,Jan,Thu
26-Jan-18,2018,Qtr 1,Jan,Fri
27-Jan-18,2018,Qtr 1,Jan,Sat
28-Jan-18,2018,Qtr 1,Jan,Sun
29-Jan-18,2018,Qtr 1,Jan,Mon
30-Jan-18,2018,Qtr 1,Jan,Tue
31-Jan-18,2018,Qtr 1,Jan,Wed
1-Feb-18,2018,Qtr 1,Feb,Thu
2-Feb-18,2018,Qtr 1,Feb,Fri
3-Feb-18,2018,Qtr 1,Feb,Sat
4-Feb-18,2018,Qtr 1,Feb,Sun
5-Feb-18,2018,Qtr 1,Feb,Mon
6-Feb-18,2018,Qtr 1,Feb,Tue
7-Feb-18,2018,Qtr 1,Feb,Wed
8-Feb-18,2018,Qtr 1,Feb,Thu
9-Feb-18,2018,Qtr 1,Feb,Fri
10-Feb-18,2018,Qtr 1,Feb,Sat
11-Feb-18,2018,Qtr 1,Feb,Sun
12-Feb-18,2018,Qtr 1,Feb,Mon
13-Feb-18,2018,Qtr 1,Feb,Tue
14-Feb-18,2018,Qtr 1,Feb,Wed
15-Feb-18,2018,Qtr 1,Feb,Thu
16-Feb-18,2018,Qtr 1,Feb,Fri
17-Feb-18,2018,Qtr 1,Feb,Sat
18-Feb-18,2018,Qtr 1,Feb,Sun
19-Feb-18,2018,Qtr 1,Feb,Mon
20-Feb-18,2018,Qtr 1,Feb,Tue
21-Feb-18,2018,Qtr 1,Feb,Wed
22-Feb-18,2018,Qtr 1,Feb,Thu
23-Feb-18,2018,Qtr 1,Feb,Fri
24-Feb-18,2018,Qtr 1,Feb,Sat
25-Feb-18,2018,Qtr 1,Feb,Sun
26-Feb-18,2018,Qtr 1,Feb,Mon
27-Feb-18,2018,Qtr 1,Feb,Tue
28-Feb-18,2018,Qtr 1,Feb,Wed
1-Mar-18,2018,Qtr 1,Mar,Thu
2-Mar-18,2018,Qtr 1,Mar,Fri
3-Mar-18,2018,Qtr 1,Mar,Sat
4-Mar-18,2018,Qtr 1,Mar,Sun
5-Mar-18,2018,Qtr 1,Mar,Mon
6-Mar-18,2018,Qtr 1,Mar,Tue
7-Mar-18,2018,Qtr 1,Mar,Wed
8-Mar-18,2018,Qtr 1,Mar,Thu
9-Mar-18,2018,Qtr 1,Mar,Fri
10-Mar-18,2018,Qtr 1,Mar,Sat
11-Mar-18,2018,Qtr 1,Mar,Sun
12-Mar-18,2018,Qtr 1,Mar,Mon
13-Mar-18,2018,Qtr 1,Mar,Tue
14-Mar-18,2018,Qtr 1,Mar,Wed
15-Mar-18,2018,Qtr 1,Mar,Thu
16-Mar-18,2018,Qtr 1,Mar,Fri
17-Mar-18,2018,Qtr 1,Mar,Sat
18-Mar-18,2018,Qtr 1,Mar,Sun
19-Mar-18,2018,Qtr 1,Mar,Mon
20-Mar-18,2018,Qtr 1,Mar,Tue
21-Mar-18,2018,Qtr 1,Mar,Wed
22-Mar-18,2018,Qtr 1,Mar,Thu
23-Mar-18,2018,Qtr 1,Mar,Fri
24-Mar-18,2018,Qtr 1,Mar,Sat
25-Mar-18,2018,Qtr 1,Mar,Sun
26-Mar-18,2018,Qtr 1,Mar,Mon
27-Mar-18,2018,Qtr 1,Mar,Tue
28-Mar-18,2018,Qtr 1,Mar,Wed
29-Mar-18,2018,Qtr 1,Mar,Thu
30-Mar-18,2018,Qtr 1,Mar,Fri
31-Mar-18,2018,Qtr 1,Mar,Sat
1-Apr-18,2018,Qtr 2,Apr,Sun
2-Apr-18,2018,Qtr 2,Apr,Mon
3-Apr-18,2018,Qtr 2,Apr,Tue
4-Apr-18,2018,Qtr 2,Apr,Wed
5-Apr-18,2018,Qtr 2,Apr,Thu
6-Apr-18,2018,Qtr 2,Apr,Fri
7-Apr-18,2018,Qtr 2,Apr,Sat
8-Apr-18,2018,Qtr 2,Apr,Sun
9-Apr-18,2018,Qtr 2,Apr,Mon
10-Apr-18,2018,Qtr 2,Apr,Tue
11-Apr-18,2018,Qtr 2,Apr,Wed
12-Apr-18,2018,Qtr 2,Apr,Thu
13-Apr-18,2018,Qtr 2,Apr,Fri
14-Apr-18,2018,Qtr 2,Apr,Sat
15-Apr-18,2018,Qtr 2,Apr,Sun
16-Apr-18,2018,Qtr 2,Apr,Mon
17-Apr-18,2018,Qtr 2,Apr,Tue
18-Apr-18,2018,Qtr 2,Apr,Wed
19-Apr-18,2018,Qtr 2,Apr,Thu
20-Apr-18,2018,Qtr 2,Apr,Fri
21-Apr-18,2018,Qtr 2,Apr,Sat
22-Apr-18,2018,Qtr 2,Apr,Sun
23-Apr-18,2018,Qtr 2,Apr,Mon
24-Apr-18,2018,Qtr 2,Apr,Tue
25-Apr-18,2018,Qtr 2,Apr,Wed
26-Apr-18,2018,Qtr 2,Apr,Thu
27-Apr-18,2018,Qtr 2,Apr,Fri
28-Apr-18,2018,Qtr 2,Apr,Sat
29-Apr-18,2018,Qtr 2,Apr,Sun
30-Apr-18,2018,Qtr 2,Apr,Mon
1-May-18,2018,Qtr 2,May,Tue
2-May-18,2018,Qtr 2,May,Wed
3-May-18,2018,Qtr 2,May,Thu
4-May-18,2018,Qtr 2,May,Fri
5-May-18,2018,Qtr 2,May,Sat
6-May-18,2018,Qtr 2,May,Sun
7-May-18,2018,Qtr 2,May,Mon
8-May-18,2018,Qtr 2,May,Tue
9-May-18,2018,Qtr 2,May,Wed
10-May-18,2018,Qtr 2,May,Thu
11-May-18,2018,Qtr 2,May,Fri
12-May-18,2018,Qtr 2,May,Sat
13-May-18,2018,Qtr 2,May,Sun
14-May-18,2018,Qtr 2,May,Mon
15-May-18,2018,Qtr 2,May,Tue
16-May-18,2018,Qtr 2,May,Wed
17-May-18,2018,Qtr 2,May,Thu
18-May-18,2018,Qtr 2,May,Fri
19-May-18,2018,Qtr 2,May,Sat
20-May-18,2018,Qtr 2,May,Sun
21-May-18,2018,Qtr 2,May,Mon
22-May-18,2018,Qtr 2,May,Tue
23-May-18,2018,Qtr 2,May,Wed
24-May-18,2018,Qtr 2,May,Thu
25-May-18,2018,Qtr 2,May,Fri
26-May-18,2018,Qtr 2,May,Sat
27-May-18,2018,Qtr 2,May,Sun
28-May-18,2018,Qtr 2,May,Mon
29-May-18,2018,Qtr 2,May,Tue
30-May-18,2018,Qtr 2,May,Wed
31-May-18,2018,Qtr 2,May,Thu
1-Jun-18,2018,Qtr 2,Jun,Fri
2-Jun-18,2018,Qtr 2,Jun,Sat
3-Jun-18,2018,Qtr 2,Jun,Sun
4-Jun-18,2018,Qtr 2,Jun,Mon
5-Jun-18,2018,Qtr 2,Jun,Tue
6-Jun-18,2018,Qtr 2,Jun,Wed
7-Jun-18,2018,Qtr 2,Jun,Thu
8-Jun-18,2018,Qtr 2,Jun,Fri
9-Jun-18,2018,Qtr 2,Jun,Sat
10-Jun-18,2018,Qtr 2,Jun,Sun
11-Jun-18,2018,Qtr 2,Jun,Mon
12-Jun-18,2018,Qtr 2,Jun,Tue
13-Jun-18,2018,Qtr 2,Jun,Wed
14-Jun-18,2018,Qtr 2,Jun,Thu
15-Jun-18,2018,Qtr 2,Jun,Fri
16-Jun-18,2018,Qtr 2,Jun,Sat
17-Jun-18,2018,Qtr 2,Jun,Sun
18-Jun-18,2018,Qtr 2,Jun,Mon
19-Jun-18,2018,Qtr 2,Jun,Tue
20-Jun-18,2018,Qtr 2,Jun,Wed
21-Jun-18,2018,Qtr 2,Jun,Thu
22-Jun-18,2018,Qtr 2,Jun,Fri
23-Jun-18,2018,Qtr 2,Jun,Sat
24-Jun-18,2018,Qtr 2,Jun,Sun
25-Jun-18,2018,Qtr 2,Jun,Mon
26-Jun-18,2018,Qtr 2,Jun,Tue
27-Jun-18,2018,Qtr 2,Jun,Wed
28-Jun-18,2018,Qtr 2,Jun,Thu
29-Jun-18,2018,Qtr 2,Jun,Fri
30-Jun-18,2018,Qtr 2,Jun,Sat
1-Jul-18,2018,Qtr 3,Jul,Sun
2-Jul-18,2018,Qtr 3,Jul,Mon
3-Jul-18,2018,Qtr 3,Jul,Tue
4-Jul-18,2018,Qtr 3,Jul,Wed
5-Jul-18,2018,Qtr 3,Jul,Thu
6-Jul-18,2018,Qtr 3,Jul,Fri
7-Jul-18,2018,Qtr 3,Jul,Sat
8-Jul-18,2018,Qtr 3,Jul,Sun
9-Jul-18,2018,Qtr 3,Jul,Mon
10-Jul-18,2018,Qtr 3,Jul,Tue
11-Jul-18,2018,Qtr 3,Jul,Wed
12-Jul-18,2018,Qtr 3,Jul,Thu
13-Jul-18,2018,Qtr 3,Jul,Fri
14-Jul-18,2018,Qtr 3,Jul,Sat
15-Jul-18,2018,Qtr 3,Jul,Sun
16-Jul-18,2018,Qtr 3,Jul,Mon
17-Jul-18,2018,Qtr 3,Jul,Tue
18-Jul-18,2018,Qtr 3,Jul,Wed
19-Jul-18,2018,Qtr 3,Jul,Thu
20-Jul-18,2018,Qtr 3,Jul,Fri
21-Jul-18,2018,Qtr 3,Jul,Sat
22-Jul-18,2018,Qtr 3,Jul,Sun
23-Jul-18,2018,Qtr 3,Jul,Mon
24-Jul-18,2018,Qtr 3,Jul,Tue
25-Jul-18,2018,Qtr 3,Jul,Wed
26-Jul-18,2018,Qtr 3,Jul,Thu
27-Jul-18,2018,Qtr 3,Jul,Fri
28-Jul-18,2018,Qtr 3,Jul,Sat
29-Jul-18,2018,Qtr 3,Jul,Sun
30-Jul-18,2018,Qtr 3,Jul,Mon
31-Jul-18,2018,Qtr 3,Jul,Tue
1-Aug-18,2018,Qtr 3,Aug,Wed
2-Aug-18,2018,Qtr 3,Aug,Thu
3-Aug-18,2018,Qtr 3,Aug,Fri
4-Aug-18,2018,Qtr 3,Aug,Sat
5-Aug-18,2018,Qtr 3,Aug,Sun
6-Aug-18,2018,Qtr 3,Aug,Mon
7-Aug-18,2018,Qtr 3,Aug,Tue
8-Aug-18,2018,Qtr 3,Aug,Wed
9-Aug-18,2018,Qtr 3,Aug,Thu
10-Aug-18,2018,Qtr 3,Aug,Fri
11-Aug-18,2018,Qtr 3,Aug,Sat
12-Aug-18,2018,Qtr 3,Aug,Sun
13-Aug-18,2018,Qtr 3,Aug,Mon
14-Aug-18,2018,Qtr 3,Aug,Tue
15-Aug-18,2018,Qtr 3,Aug,Wed
16-Aug-18,2018,Qtr 3,Aug,Thu
17-Aug-18,2018,Qtr 3,Aug,Fri
18-Aug-18,2018,Qtr 3,Aug,Sat
19-Aug-18,2018,Qtr 3,Aug,Sun
20-Aug-18,2018,Qtr 3,Aug,Mon
21-Aug-18,2018,Qtr 3,Aug,Tue
22-Aug-18,2018,Qtr 3,Aug,Wed
23-Aug-18,2018,Qtr 3,Aug,Thu
24-Aug-18,2018,Qtr 3,Aug,Fri
25-Aug-18,2018,Qtr 3,Aug,Sat
26-Aug-18,2018,Qtr 3,Aug,Sun
27-Aug-18,2018,Qtr 3,Aug,Mon
28-Aug-18,2018,Qtr 3,Aug,Tue
29-Aug-18,2018,Qtr 3,Aug,Wed
30-Aug-18,2018,Qtr 3,Aug,Thu
31-Aug-18,2018,Qtr 3,Aug,Fri
1-Sep-18,2018,Qtr 3,Sep,Sat
2-Sep-18,2018,Qtr 3,Sep,Sun
3-Sep-18,2018,Qtr 3,Sep,Mon
4-Sep-18,2018,Qtr 3,Sep,Tue
5-Sep-18,2018,Qtr 3,Sep,Wed
6-Sep-18,2018,Qtr 3,Sep,Thu
7-Sep-18,2018,Qtr 3,Sep,Fri
8-Sep-18,2018,Qtr 3,Sep,Sat
9-Sep-18,2018,Qtr 3,Sep,Sun
10-Sep-18,2018,Qtr 3,Sep,Mon
11-Sep-18,2018,Qtr 3,Sep,Tue
12-Sep-18,2018,Qtr 3,Sep,Wed
13-Sep-18,2018,Qtr 3,Sep,Thu
14-Sep-18,2018,Qtr 3,Sep,Fri
15-Sep-18,2018,Qtr 3,Sep,Sat
16-Sep-18,2018,Qtr 3,Sep,Sun
17-Sep-18,2018,Qtr 3,Sep,Mon
18-Sep-18,2018,Qtr 3,Sep,Tue
19-Sep-18,2018,Qtr 3,Sep,Wed
20-Sep-18,2018,Qtr 3,Sep,Thu
21-Sep-18,2018,Qtr 3,Sep,Fri
22-Sep-18,2018,Qtr 3,Sep,Sat
23-Sep-18,2018,Qtr 3,Sep,Sun
24-Sep-18,2018,Qtr 3,Sep,Mon
25-Sep-18,2018,Qtr 3,Sep,Tue
26-Sep-18,2018,Qtr 3,Sep,Wed
27-Sep-18,2018,Qtr 3,Sep,Thu
28-Sep-18,2018,Qtr 3,Sep,Fri
29-Sep-18,2018,Qtr 3,Sep,Sat
30-Sep-18,2018,Qtr 3,Sep,Sun
1-Oct-18,2018,Qtr 4,Oct,Mon
2-Oct-18,2018,Qtr 4,Oct,Tue
3-Oct-18,2018,Qtr 4,Oct,Wed
4-Oct-18,2018,Qtr 4,Oct,Thu
5-Oct-18,2018,Qtr 4,Oct,Fri
6-Oct-18,2018,Qtr 4,Oct,Sat
7-Oct-18,2018,Qtr 4,Oct,Sun
8-Oct-18,2018,Qtr 4,Oct,Mon
9-Oct-18,2018,Qtr 4,Oct,Tue
10-Oct-18,2018,Qtr 4,Oct,Wed
11-Oct-18,2018,Qtr 4,Oct,Thu
12-Oct-18,2018,Qtr 4,Oct,Fri
13-Oct-18,2018,Qtr 4,Oct,Sat
14-Oct-18,2018,Qtr 4,Oct,Sun
15-Oct-18,2018,Qtr 4,Oct,Mon
16-Oct-18,2018,Qtr 4,Oct,Tue
17-Oct-18,2018,Qtr 4,Oct,Wed
18-Oct-18,2018,Qtr 4,Oct,Thu
19-Oct-18,2018,Qtr 4,Oct,Fri
20-Oct-18,2018,Qtr 4,Oct,Sat
21-Oct-18,2018,Qtr 4,Oct,Sun
22-Oct-18,2018,Qtr 4,Oct,Mon
23-Oct-18,2018,Qtr 4,Oct,Tue
24-Oct-18,2018,Qtr 4,Oct,Wed
25-Oct-18,2018,Qtr 4,Oct,Thu
26-Oct-18,2018,Qtr 4,Oct,Fri
27-Oct-18,2018,Qtr 4,Oct,Sat
28-Oct-18,2018,Qtr 4,Oct,Sun
29-Oct-18,2018,Qtr 4,Oct,Mon
30-Oct-18,2018,Qtr 4,Oct,Tue
31-Oct-18,2018,Qtr 4,Oct,Wed
1-Nov-18,2018,Qtr 4,Nov,Thu
2-Nov-18,2018,Qtr 4,Nov,Fri
3-Nov-18,2018,Qtr 4,Nov,Sat
4-Nov-18,2018,Qtr 4,Nov,Sun
5-Nov-18,2018,Qtr 4,Nov,Mon
6-Nov-18,2018,Qtr 4,Nov,Tue
7-Nov-18,2018,Qtr 4,Nov,Wed
8-Nov-18,2018,Qtr 4,Nov,Thu
9-Nov-18,2018,Qtr 4,Nov,Fri
10-Nov-18,2018,Qtr 4,Nov,Sat
11-Nov-18,2018,Qtr 4,Nov,Sun
12-Nov-18,2018,Qtr 4,Nov,Mon
13-Nov-18,2018,Qtr 4,Nov,Tue
14-Nov-18,2018,Qtr 4,Nov,Wed
15-Nov-18,2018,Qtr 4,Nov,Thu
16-Nov-18,2018,Qtr 4,Nov,Fri
17-Nov-18,2018,Qtr 4,Nov,Sat
18-Nov-18,2018,Qtr 4,Nov,Sun
19-Nov-18,2018,Qtr 4,Nov,Mon
20-Nov-18,2018,Qtr 4,Nov,Tue
21-Nov-18,2018,Qtr 4,Nov,Wed
22-Nov-18,2018,Qtr 4,Nov,Thu
23-Nov-18,2018,Qtr 4,Nov,Fri
24-Nov-18,2018,Qtr 4,Nov,Sat
25-Nov-18,2018,Qtr 4,Nov,Sun
26-Nov-18,2018,Qtr 4,Nov,Mon
27-Nov-18,2018,Qtr 4,Nov,Tue
28-Nov-18,2018,Qtr 4,Nov,Wed
29-Nov-18,2018,Qtr 4,Nov,Thu
30-Nov-18,2018,Qtr 4,Nov,Fri
1-Dec-18,2018,Qtr 4,Dec,Sat
2-Dec-18,2018,Qtr 4,Dec,Sun
3-Dec-18,2018,Qtr 4,Dec,Mon
4-Dec-18,2018,Qtr 4,Dec,Tue
5-Dec-18,2018,Qtr 4,Dec,Wed
6-Dec-18,2018,Qtr 4,Dec,Thu
7-Dec-18,2018,Qtr 4,Dec,Fri
8-Dec-18,2018,Qtr 4,Dec,Sat
9-Dec-18,2018,Qtr 4,Dec,Sun
10-Dec-18,2018,Qtr 4,Dec,Mon
11-Dec-18,2018,Qtr 4,Dec,Tue
12-Dec-18,2018,Qtr 4,Dec,Wed
13-Dec-18,2018,Qtr 4,Dec,Thu
14-Dec-18,2018,Qtr 4,Dec,Fri
15-Dec-18,2018,Qtr 4,Dec,Sat
16-Dec-18,2018,Qtr 4,Dec,Sun
17-Dec-18,2018,Qtr 4,Dec,Mon
18-Dec-18,2018,Qtr 4,Dec,Tue
19-Dec-18,2018,Qtr 4,Dec,Wed
20-Dec-18,2018,Qtr 4,Dec,Thu
21-Dec-18,2018,Qtr 4,Dec,Fri
22-Dec-18,2018,Qtr 4,Dec,Sat
23-Dec-18,2018,Qtr 4,Dec,Sun
24-Dec-18,2018,Qtr 4,Dec,Mon
25-Dec-18,2018,Qtr 4,Dec,Tue
26-Dec-18,2018,Qtr 4,Dec,Wed
27-Dec-18,2018,Qtr 4,Dec,Thu
28-Dec-18,2018,Qtr 4,Dec,Fri
29-Dec-18,2018,Qtr 4,Dec,Sat
30-Dec-18,2018,Qtr 4,Dec,Sun
31-Dec-18,2018,Qtr 4,Dec,Mon
1-Jan-19,2019,Qtr 1,Jan,Tue
2-Jan-19,2019,Qtr 1,Jan,Wed
3-Jan-19,2019,Qtr 1,Jan,Thu
4-Jan-19,2019,Qtr 1,Jan,Fri
5-Jan-19,2019,Qtr 1,Jan,Sat
6-Jan-19,2019,Qtr 1,Jan,Sun
7-Jan-19,2019,Qtr 1,Jan,Mon
8-Jan-19,2019,Qtr 1,Jan,Tue
9-Jan-19,2019,Qtr 1,Jan,Wed
10-Jan-19,2019,Qtr 1,Jan,Thu
11-Jan-19,2019,Qtr 1,Jan,Fri
12-Jan-19,2019,Qtr 1,Jan,Sat
13-Jan-19,2019,Qtr 1,Jan,Sun
14-Jan-19,2019,Qtr 1,Jan,Mon
15-Jan-19,2019,Qtr 1,Jan,Tue
16-Jan-19,2019,Qtr 1,Jan,Wed
17-Jan-19,2019,Qtr 1,Jan,Thu
18-Jan-19,2019,Qtr 1,Jan,Fri
19-Jan-19,2019,Qtr 1,Jan,Sat
20-Jan-19,2019,Qtr 1,Jan,Sun
21-Jan-19,2019,Qtr 1,Jan,Mon
22-Jan-19,2019,Qtr 1,Jan,Tue
23-Jan-19,2019,Qtr 1,Jan,Wed
24-Jan-19,2019,Qtr 1,Jan,Thu
25-Jan-19,2019,Qtr 1,Jan,Fri
26-Jan-19,2019,Qtr 1,Jan,Sat
27-Jan-19,2019,Qtr 1,Jan,Sun
28-Jan-19,2019,Qtr 1,Jan,Mon
29-Jan-19,2019,Qtr 1,Jan,Tue
30-Jan-19,2019,Qtr 1,Jan,Wed
31-Jan-19,2019,Qtr 1,Jan,Thu
1-Feb-19,2019,Qtr 1,Feb,Fri
2-Feb-19,2019,Qtr 1,Feb,Sat
3-Feb-19,2019,Qtr 1,Feb,Sun
4-Feb-19,2019,Qtr 1,Feb,Mon
5-Feb-19,2019,Qtr 1,Feb,Tue
6-Feb-19,2019,Qtr 1,Feb,Wed
7-Feb-19,2019,Qtr 1,Feb,Thu
8-Feb-19,2019,Qtr 1,Feb,Fri
9-Feb-19,2019,Qtr 1,Feb,Sat
10-Feb-19,2019,Qtr 1,Feb,Sun
11-Feb-19,2019,Qtr 1,Feb,Mon
12-Feb-19,2019,Qtr 1,Feb,Tue
13-Feb-19,2019,Qtr 1,Feb,Wed
14-Feb-19,2019,Qtr 1,Feb,Thu
15-Feb-19,2019,Qtr 1,Feb,Fri
16-Feb-19,2019,Qtr 1,Feb,Sat
17-Feb-19,2019,Qtr 1,Feb,Sun
18-Feb-19,2019,Qtr 1,Feb,Mon
19-Feb-19,2019,Qtr 1,Feb,Tue
20-Feb-19,2019,Qtr 1,Feb,Wed
21-Feb-19,2019,Qtr 1,Feb,Thu
22-Feb-19,2019,Qtr 1,Feb,Fri
23-Feb-19,2019,Qtr 1,Feb,Sat
24-Feb-19,2019,Qtr 1,Feb,Sun
25-Feb-19,2019,Qtr 1,Feb,Mon
26-Feb-19,2019,Qtr 1,Feb,Tue
27-Feb-19,2019,Qtr 1,Feb,Wed
28-Feb-19,2019,Qtr 1,Feb,Thu
1-Mar-19,2019,Qtr 1,Mar,Fri
2-Mar-19,2019,Qtr 1,Mar,Sat
3-Mar-19,2019,Qtr 1,Mar,Sun
4-Mar-19,2019,Qtr 1,Mar,Mon
5-Mar-19,2019,Qtr 1,Mar,Tue
6-Mar-19,2019,Qtr 1,Mar,Wed
7-Mar-19,2019,Qtr 1,Mar,Thu
8-Mar-19,2019,Qtr 1,Mar,Fri
9-Mar-19,2019,Qtr 1,Mar,Sat
10-Mar-19,2019,Qtr 1,Mar,Sun
11-Mar-19,2019,Qtr 1,Mar,Mon
12-Mar-19,2019,Qtr 1,Mar,Tue
13-Mar-19,2019,Qtr 1,Mar,Wed
14-Mar-19,2019,Qtr 1,Mar,Thu
15-Mar-19,2019,Qtr 1,Mar,Fri
16-Mar-19,2019,Qtr 1,Mar,Sat
17-Mar-19,2019,Qtr 1,Mar,Sun
18-Mar-19,2019,Qtr 1,Mar,Mon
19-Mar-19,2019,Qtr 1,Mar,Tue
20-Mar-19,2019,Qtr 1,Mar,Wed
21-Mar-19,2019,Qtr 1,Mar,Thu
22-Mar-19,2019,Qtr 1,Mar,Fri
23-Mar-19,2019,Qtr 1,Mar,Sat
24-Mar-19,2019,Qtr 1,Mar,Sun
25-Mar-19,2019,Qtr 1,Mar,Mon
26-Mar-19,2019,Qtr 1,Mar,Tue
27-Mar-19,2019,Qtr 1,Mar,Wed
28-Mar-19,2019,Qtr 1,Mar,Thu
29-Mar-19,2019,Qtr 1,Mar,Fri
30-Mar-19,2019,Qtr 1,Mar,Sat
31-Mar-19,2019,Qtr 1,Mar,Sun
1-Apr-19,2019,Qtr 2,Apr,Mon
2-Apr-19,2019,Qtr 2,Apr,Tue
3-Apr-19,2019,Qtr 2,Apr,Wed
4-Apr-19,2019,Qtr 2,Apr,Thu
5-Apr-19,2019,Qtr 2,Apr,Fri
6-Apr-19,2019,Qtr 2,Apr,Sat
7-Apr-19,2019,Qtr 2,Apr,Sun
8-Apr-19,2019,Qtr 2,Apr,Mon
9-Apr-19,2019,Qtr 2,Apr,Tue
10-Apr-19,2019,Qtr 2,Apr,Wed
11-Apr-19,2019,Qtr 2,Apr,Thu
12-Apr-19,2019,Qtr 2,Apr,Fri
13-Apr-19,2019,Qtr 2,Apr,Sat
14-Apr-19,2019,Qtr 2,Apr,Sun
15-Apr-19,2019,Qtr 2,Apr,Mon
16-Apr-19,2019,Qtr 2,Apr,Tue
17-Apr-19,2019,Qtr 2,Apr,Wed
18-Apr-19,2019,Qtr 2,Apr,Thu
19-Apr-19,2019,Qtr 2,Apr,Fri
20-Apr-19,2019,Qtr 2,Apr,Sat
21-Apr-19,2019,Qtr 2,Apr,Sun
22-Apr-19,2019,Qtr 2,Apr,Mon
23-Apr-19,2019,Qtr 2,Apr,Tue
24-Apr-19,2019,Qtr 2,Apr,Wed
25-Apr-19,2019,Qtr 2,Apr,Thu
26-Apr-19,2019,Qtr 2,Apr,Fri
27-Apr-19,2019,Qtr 2,Apr,Sat
28-Apr-19,2019,Qtr 2,Apr,Sun
29-Apr-19,2019,Qtr 2,Apr,Mon
30-Apr-19,2019,Qtr 2,Apr,Tue
1-May-19,2019,Qtr 2,May,Wed
2-May-19,2019,Qtr 2,May,Thu
3-May-19,2019,Qtr 2,May,Fri
4-May-19,2019,Qtr 2,May,Sat
5-May-19,2019,Qtr 2,May,Sun
6-May-19,2019,Qtr 2,May,Mon
7-May-19,2019,Qtr 2,May,Tue
8-May-19,2019,Qtr 2,May,Wed
9-May-19,2019,Qtr 2,May,Thu
10-May-19,2019,Qtr 2,May,Fri
11-May-19,2019,Qtr 2,May,Sat
12-May-19,2019,Qtr 2,May,Sun
13-May-19,2019,Qtr 2,May,Mon
14-May-19,2019,Qtr 2,May,Tue
15-May-19,2019,Qtr 2,May,Wed
16-May-19,2019,Qtr 2,May,Thu
17-May-19,2019,Qtr 2,May,Fri
18-May-19,2019,Qtr 2,May,Sat
19-May-19,2019,Qtr 2,May,Sun
20-May-19,2019,Qtr 2,May,Mon
21-May-19,2019,Qtr 2,May,Tue
22-May-19,2019,Qtr 2,May,Wed
23-May-19,2019,Qtr 2,May,Thu
24-May-19,2019,Qtr 2,May,Fri
25-May-19,2019,Qtr 2,May,Sat
26-May-19,2019,Qtr 2,May,Sun
27-May-19,2019,Qtr 2,May,Mon
28-May-19,2019,Qtr 2,May,Tue
29-May-19,2019,Qtr 2,May,Wed
30-May-19,2019,Qtr 2,May,Thu
31-May-19,2019,Qtr 2,May,Fri
1-Jun-19,2019,Qtr 2,Jun,Sat
2-Jun-19,2019,Qtr 2,Jun,Sun
3-Jun-19,2019,Qtr 2,Jun,Mon
4-Jun-19,2019,Qtr 2,Jun,Tue
5-Jun-19,2019,Qtr 2,Jun,Wed
6-Jun-19,2019,Qtr 2,Jun,Thu
7-Jun-19,2019,Qtr 2,Jun,Fri
8-Jun-19,2019,Qtr 2,Jun,Sat
9-Jun-19,2019,Qtr 2,Jun,Sun
10-Jun-19,2019,Qtr 2,Jun,Mon
11-Jun-19,2019,Qtr 2,Jun,Tue
12-Jun-19,2019,Qtr 2,Jun,Wed
13-Jun-19,2019,Qtr 2,Jun,Thu
14-Jun-19,2019,Qtr 2,Jun,Fri
15-Jun-19,2019,Qtr 2,Jun,Sat
16-Jun-19,2019,Qtr 2,Jun,Sun
17-Jun-19,2019,Qtr 2,Jun,Mon
18-Jun-19,2019,Qtr 2,Jun,Tue
19-Jun-19,2019,Qtr 2,Jun,Wed
20-Jun-19,2019,Qtr 2,Jun,Thu
21-Jun-19,2019,Qtr 2,Jun,Fri
22-Jun-19,2019,Qtr 2,Jun,Sat
23-Jun-19,2019,Qtr 2,Jun,Sun
24-Jun-19,2019,Qtr 2,Jun,Mon
25-Jun-19,2019,Qtr 2,Jun,Tue
26-Jun-19,2019,Qtr 2,Jun,Wed
27-Jun-19,2019,Qtr 2,Jun,Thu
28-Jun-19,2019,Qtr 2,Jun,Fri
29-Jun-19,2019,Qtr 2,Jun,Sat
30-Jun-19,2019,Qtr 2,Jun,Sun
1-Jul-19,2019,Qtr 3,Jul,Mon
2-Jul-19,2019,Qtr 3,Jul,Tue
3-Jul-19,2019,Qtr 3,Jul,Wed
4-Jul-19,2019,Qtr 3,Jul,Thu
5-Jul-19,2019,Qtr 3,Jul,Fri
6-Jul-19,2019,Qtr 3,Jul,Sat
7-Jul-19,2019,Qtr 3,Jul,Sun
8-Jul-19,2019,Qtr 3,Jul,Mon
9-Jul-19,2019,Qtr 3,Jul,Tue
10-Jul-19,2019,Qtr 3,Jul,Wed
11-Jul-19,2019,Qtr 3,Jul,Thu
12-Jul-19,2019,Qtr 3,Jul,Fri
13-Jul-19,2019,Qtr 3,Jul,Sat
14-Jul-19,2019,Qtr 3,Jul,Sun
15-Jul-19,2019,Qtr 3,Jul,Mon
16-Jul-19,2019,Qtr 3,Jul,Tue
17-Jul-19,2019,Qtr 3,Jul,Wed
18-Jul-19,2019,Qtr 3,Jul,Thu
19-Jul-19,2019,Qtr 3,Jul,Fri
20-Jul-19,2019,Qtr 3,Jul,Sat
21-Jul-19,2019,Qtr 3,Jul,Sun
22-Jul-19,2019,Qtr 3,Jul,Mon
23-Jul-19,2019,Qtr 3,Jul,Tue
24-Jul-19,2019,Qtr 3,Jul,Wed
25-Jul-19,2019,Qtr 3,Jul,Thu
26-Jul-19,2019,Qtr 3,Jul,Fri
27-Jul-19,2019,Qtr 3,Jul,Sat
28-Jul-19,2019,Qtr 3,Jul,Sun
29-Jul-19,2019,Qtr 3,Jul,Mon
30-Jul-19,2019,Qtr 3,Jul,Tue
31-Jul-19,2019,Qtr 3,Jul,Wed
1-Aug-19,2019,Qtr 3,Aug,Thu
2-Aug-19,2019,Qtr 3,Aug,Fri
3-Aug-19,2019,Qtr 3,Aug,Sat
4-Aug-19,2019,Qtr 3,Aug,Sun
5-Aug-19,2019,Qtr 3,Aug,Mon
6-Aug-19,2019,Qtr 3,Aug,Tue
7-Aug-19,2019,Qtr 3,Aug,Wed
8-Aug-19,2019,Qtr 3,Aug,Thu
9-Aug-19,2019,Qtr 3,Aug,Fri
10-Aug-19,2019,Qtr 3,Aug,Sat
11-Aug-19,2019,Qtr 3,Aug,Sun
12-Aug-19,2019,Qtr 3,Aug,Mon
13-Aug-19,2019,Qtr 3,Aug,Tue
14-Aug-19,2019,Qtr 3,Aug,Wed
15-Aug-19,2019,Qtr 3,Aug,Thu
16-Aug-19,2019,Qtr 3,Aug,Fri
17-Aug-19,2019,Qtr 3,Aug,Sat
18-Aug-19,2019,Qtr 3,Aug,Sun
19-Aug-19,2019,Qtr 3,Aug,Mon
20-Aug-19,2019,Qtr 3,Aug,Tue
21-Aug-19,2019,Qtr 3,Aug,Wed
22-Aug-19,2019,Qtr 3,Aug,Thu
23-Aug-19,2019,Qtr 3,Aug,Fri
24-Aug-19,2019,Qtr 3,Aug,Sat
25-Aug-19,2019,Qtr 3,Aug,Sun
26-Aug-19,2019,Qtr 3,Aug,Mon
27-Aug-19,2019,Qtr 3,Aug,Tue
28-Aug-19,2019,Qtr 3,Aug,Wed
29-Aug-19,2019,Qtr 3,Aug,Thu
30-Aug-19,2019,Qtr 3,Aug,Fri
31-Aug-19,2019,Qtr 3,Aug,Sat
1-Sep-19,2019,Qtr 3,Sep,Sun
2-Sep-19,2019,Qtr 3,Sep,Mon
3-Sep-19,2019,Qtr 3,Sep,Tue
4-Sep-19,2019,Qtr 3,Sep,Wed
5-Sep-19,2019,Qtr 3,Sep,Thu
6-Sep-19,2019,Qtr 3,Sep,Fri
7-Sep-19,2019,Qtr 3,Sep,Sat
8-Sep-19,2019,Qtr 3,Sep,Sun
9-Sep-19,2019,Qtr 3,Sep,Mon
10-Sep-19,2019,Qtr 3,Sep,Tue
11-Sep-19,2019,Qtr 3,Sep,Wed
12-Sep-19,2019,Qtr 3,Sep,Thu
13-Sep-19,2019,Qtr 3,Sep,Fri
14-Sep-19,2019,Qtr 3,Sep,Sat
15-Sep-19,2019,Qtr 3,Sep,Sun
16-Sep-19,2019,Qtr 3,Sep,Mon
17-Sep-19,2019,Qtr 3,Sep,Tue
18-Sep-19,2019,Qtr 3,Sep,Wed
19-Sep-19,2019,Qtr 3,Sep,Thu
20-Sep-19,2019,Qtr 3,Sep,Fri
21-Sep-19,2019,Qtr 3,Sep,Sat
22-Sep-19,2019,Qtr 3,Sep,Sun
23-Sep-19,2019,Qtr 3,Sep,Mon
24-Sep-19,2019,Qtr 3,Sep,Tue
25-Sep-19,2019,Qtr 3,Sep,Wed
26-Sep-19,2019,Qtr 3,Sep,Thu
27-Sep-19,2019,Qtr 3,Sep,Fri
28-Sep-19,2019,Qtr 3,Sep,Sat
29-Sep-19,2019,Qtr 3,Sep,Sun
30-Sep-19,2019,Qtr 3,Sep,Mon
1-Oct-19,2019,Qtr 4,Oct,Tue
2-Oct-19,2019,Qtr 4,Oct,Wed
3-Oct-19,2019,Qtr 4,Oct,Thu
4-Oct-19,2019,Qtr 4,Oct,Fri
5-Oct-19,2019,Qtr 4,Oct,Sat
6-Oct-19,2019,Qtr 4,Oct,Sun
7-Oct-19,2019,Qtr 4,Oct,Mon
8-Oct-19,2019,Qtr 4,Oct,Tue
9-Oct-19,2019,Qtr 4,Oct,Wed
10-Oct-19,2019,Qtr 4,Oct,Thu
11-Oct-19,2019,Qtr 4,Oct,Fri
12-Oct-19,2019,Qtr 4,Oct,Sat
13-Oct-19,2019,Qtr 4,Oct,Sun
14-Oct-19,2019,Qtr 4,Oct,Mon
15-Oct-19,2019,Qtr 4,Oct,Tue
16-Oct-19,2019,Qtr 4,Oct,Wed
17-Oct-19,2019,Qtr 4,Oct,Thu
18-Oct-19,2019,Qtr 4,Oct,Fri
19-Oct-19,2019,Qtr 4,Oct,Sat
20-Oct-19,2019,Qtr 4,Oct,Sun
21-Oct-19,2019,Qtr 4,Oct,Mon
22-Oct-19,2019,Qtr 4,Oct,Tue
23-Oct-19,2019,Qtr 4,Oct,Wed
24-Oct-19,2019,Qtr 4,Oct,Thu
25-Oct-19,2019,Qtr 4,Oct,Fri
26-Oct-19,2019,Qtr 4,Oct,Sat
27-Oct-19,2019,Qtr 4,Oct,Sun
28-Oct-19,2019,Qtr 4,Oct,Mon
29-Oct-19,2019,Qtr 4,Oct,Tue
30-Oct-19,2019,Qtr 4,Oct,Wed
31-Oct-19,2019,Qtr 4,Oct,Thu
1-Nov-19,2019,Qtr 4,Nov,Fri
2-Nov-19,2019,Qtr 4,Nov,Sat
3-Nov-19,2019,Qtr 4,Nov,Sun
4-Nov-19,2019,Qtr 4,Nov,Mon
5-Nov-19,2019,Qtr 4,Nov,Tue
6-Nov-19,2019,Qtr 4,Nov,Wed
7-Nov-19,2019,Qtr 4,Nov,Thu
8-Nov-19,2019,Qtr 4,Nov,Fri
9-Nov-19,2019,Qtr 4,Nov,Sat
10-Nov-19,2019,Qtr 4,Nov,Sun
11-Nov-19,2019,Qtr 4,Nov,Mon
12-Nov-19,2019,Qtr 4,Nov,Tue
13-Nov-19,2019,Qtr 4,Nov,Wed
14-Nov-19,2019,Qtr 4,Nov,Thu
15-Nov-19,2019,Qtr 4,Nov,Fri
16-Nov-19,2019,Qtr 4,Nov,Sat
17-Nov-19,2019,Qtr 4,Nov,Sun
18-Nov-19,2019,Qtr 4,Nov,Mon
19-Nov-19,2019,Qtr 4,Nov,Tue
20-Nov-19,2019,Qtr 4,Nov,Wed
21-Nov-19,2019,Qtr 4,Nov,Thu
22-Nov-19,2019,Qtr 4,Nov,Fri
23-Nov-19,2019,Qtr 4,Nov,Sat
24-Nov-19,2019,Qtr 4,Nov,Sun
25-Nov-19,2019,Qtr 4,Nov,Mon
26-Nov-19,2019,Qtr 4,Nov,Tue
27-Nov-19,2019,Qtr 4,Nov,Wed
28-Nov-19,2019,Qtr 4,Nov,Thu
29-Nov-19,2019,Qtr 4,Nov,Fri
30-Nov-19,2019,Qtr 4,Nov,Sat
1-Dec-19,2019,Qtr 4,Dec,Sun
2-Dec-19,2019,Qtr 4,Dec,Mon
3-Dec-19,2019,Qtr 4,Dec,Tue
4-Dec-19,2019,Qtr 4,Dec,Wed
5-Dec-19,2019,Qtr 4,Dec,Thu
6-Dec-19,2019,Qtr 4,Dec,Fri
7-Dec-19,2019,Qtr 4,Dec,Sat
8-Dec-19,2019,Qtr 4,Dec,Sun
9-Dec-19,2019,Qtr 4,Dec,Mon
10-Dec-19,2019,Qtr 4,Dec,Tue
11-Dec-19,2019,Qtr 4,Dec,Wed
12-Dec-19,2019,Qtr 4,Dec,Thu
13-Dec-19,2019,Qtr 4,Dec,Fri
14-Dec-19,2019,Qtr 4,Dec,Sat
15-Dec-19,2019,Qtr 4,Dec,Sun
16-Dec-19,2019,Qtr 4,Dec,Mon
17-Dec-19,2019,Qtr 4,Dec,Tue
18-Dec-19,2019,Qtr 4,Dec,Wed
19-Dec-19,2019,Qtr 4,Dec,Thu
20-Dec-19,2019,Qtr 4,Dec,Fri
21-Dec-19,2019,Qtr 4,Dec,Sat
22-Dec-19,2019,Qtr 4,Dec,Sun
23-Dec-19,2019,Qtr 4,Dec,Mon
24-Dec-19,2019,Qtr 4,Dec,Tue
25-Dec-19,2019,Qtr 4,Dec,Wed
26-Dec-19,2019,Qtr 4,Dec,Thu
27-Dec-19,2019,Qtr 4,Dec,Fri
28-Dec-19,2019,Qtr 4,Dec,Sat
29-Dec-19,2019,Qtr 4,Dec,Sun
30-Dec-19,2019,Qtr 4,Dec,Mon
31-Dec-19,2019,Qtr 4,Dec,Tue
1-Jan-20,2020,Qtr 1,Jan,Wed
2-Jan-20,2020,Qtr 1,Jan,Thu
3-Jan-20,2020,Qtr 1,Jan,Fri
4-Jan-20,2020,Qtr 1,Jan,Sat
5-Jan-20,2020,Qtr 1,Jan,Sun
6-Jan-20,2020,Qtr 1,Jan,Mon
7-Jan-20,2020,Qtr 1,Jan,Tue
8-Jan-20,2020,Qtr 1,Jan,Wed
9-Jan-20,2020,Qtr 1,Jan,Thu
10-Jan-20,2020,Qtr 1,Jan,Fri
11-Jan-20,2020,Qtr 1,Jan,Sat
12-Jan-20,2020,Qtr 1,Jan,Sun
13-Jan-20,2020,Qtr 1,Jan,Mon
14-Jan-20,2020,Qtr 1,Jan,Tue
15-Jan-20,2020,Qtr 1,Jan,Wed
16-Jan-20,2020,Qtr 1,Jan,Thu
17-Jan-20,2020,Qtr 1,Jan,Fri
18-Jan-20,2020,Qtr 1,Jan,Sat
19-Jan-20,2020,Qtr 1,Jan,Sun
20-Jan-20,2020,Qtr 1,Jan,Mon
21-Jan-20,2020,Qtr 1,Jan,Tue
22-Jan-20,2020,Qtr 1,Jan,Wed
23-Jan-20,2020,Qtr 1,Jan,Thu
24-Jan-20,2020,Qtr 1,Jan,Fri
25-Jan-20,2020,Qtr 1,Jan,Sat
26-Jan-20,2020,Qtr 1,Jan,Sun
27-Jan-20,2020,Qtr 1,Jan,Mon
28-Jan-20,2020,Qtr 1,Jan,Tue
29-Jan-20,2020,Qtr 1,Jan,Wed
30-Jan-20,2020,Qtr 1,Jan,Thu
31-Jan-20,2020,Qtr 1,Jan,Fri
1-Feb-20,2020,Qtr 1,Feb,Sat
2-Feb-20,2020,Qtr 1,Feb,Sun
3-Feb-20,2020,Qtr 1,Feb,Mon
4-Feb-20,2020,Qtr 1,Feb,Tue
5-Feb-20,2020,Qtr 1,Feb,Wed
6-Feb-20,2020,Qtr 1,Feb,Thu
7-Feb-20,2020,Qtr 1,Feb,Fri
8-Feb-20,2020,Qtr 1,Feb,Sat
9-Feb-20,2020,Qtr 1,Feb,Sun
10-Feb-20,2020,Qtr 1,Feb,Mon
11-Feb-20,2020,Qtr 1,Feb,Tue
12-Feb-20,2020,Qtr 1,Feb,Wed
13-Feb-20,2020,Qtr 1,Feb,Thu
14-Feb-20,2020,Qtr 1,Feb,Fri
15-Feb-20,2020,Qtr 1,Feb,Sat
16-Feb-20,2020,Qtr 1,Feb,Sun
17-Feb-20,2020,Qtr 1,Feb,Mon
18-Feb-20,2020,Qtr 1,Feb,Tue
19-Feb-20,2020,Qtr 1,Feb,Wed
20-Feb-20,2020,Qtr 1,Feb,Thu
21-Feb-20,2020,Qtr 1,Feb,Fri
22-Feb-20,2020,Qtr 1,Feb,Sat
23-Feb-20,2020,Qtr 1,Feb,Sun
24-Feb-20,2020,Qtr 1,Feb,Mon
25-Feb-20,2020,Qtr 1,Feb,Tue
26-Feb-20,2020,Qtr 1,Feb,Wed
27-Feb-20,2020,Qtr 1,Feb,Thu
28-Feb-20,2020,Qtr 1,Feb,Fri
29-Feb-20,2020,Qtr 1,Feb,Sat
1-Mar-20,2020,Qtr 1,Mar,Sun
2-Mar-20,2020,Qtr 1,Mar,Mon
3-Mar-20,2020,Qtr 1,Mar,Tue
4-Mar-20,2020,Qtr 1,Mar,Wed
5-Mar-20,2020,Qtr 1,Mar,Thu
6-Mar-20,2020,Qtr 1,Mar,Fri
7-Mar-20,2020,Qtr 1,Mar,Sat
8-Mar-20,2020,Qtr 1,Mar,Sun
9-Mar-20,2020,Qtr 1,Mar,Mon
10-Mar-20,2020,Qtr 1,Mar,Tue
11-Mar-20,2020,Qtr 1,Mar,Wed
12-Mar-20,2020,Qtr 1,Mar,Thu
13-Mar-20,2020,Qtr 1,Mar,Fri
14-Mar-20,2020,Qtr 1,Mar,Sat
15-Mar-20,2020,Qtr 1,Mar,Sun
16-Mar-20,2020,Qtr 1,Mar,Mon
17-Mar-20,2020,Qtr 1,Mar,Tue
18-Mar-20,2020,Qtr 1,Mar,Wed
19-Mar-20,2020,Qtr 1,Mar,Thu
20-Mar-20,2020,Qtr 1,Mar,Fri
21-Mar-20,2020,Qtr 1,Mar,Sat
22-Mar-20,2020,Qtr 1,Mar,Sun
23-Mar-20,2020,Qtr 1,Mar,Mon
24-Mar-20,2020,Qtr 1,Mar,Tue
25-Mar-20,2020,Qtr 1,Mar,Wed
26-Mar-20,2020,Qtr 1,Mar,Thu
27-Mar-20,2020,Qtr 1,Mar,Fri
28-Mar-20,2020,Qtr 1,Mar,Sat
29-Mar-20,2020,Qtr 1,Mar,Sun
30-Mar-20,2020,Qtr 1,Mar,Mon
31-Mar-20,2020,Qtr 1,Mar,Tue
1-Apr-20,2020,Qtr 2,Apr,Wed
2-Apr-20,2020,Qtr 2,Apr,Thu
3-Apr-20,2020,Qtr 2,Apr,Fri
4-Apr-20,2020,Qtr 2,Apr,Sat
5-Apr-20,2020,Qtr 2,Apr,Sun
6-Apr-20,2020,Qtr 2,Apr,Mon
7-Apr-20,2020,Qtr 2,Apr,Tue
8-Apr-20,2020,Qtr 2,Apr,Wed
9-Apr-20,2020,Qtr 2,Apr,Thu
10-Apr-20,2020,Qtr 2,Apr,Fri
11-Apr-20,2020,Qtr 2,Apr,Sat
12-Apr-20,2020,Qtr 2,Apr,Sun
13-Apr-20,2020,Qtr 2,Apr,Mon
14-Apr-20,2020,Qtr 2,Apr,Tue
15-Apr-20,2020,Qtr 2,Apr,Wed
16-Apr-20,2020,Qtr 2,Apr,Thu
17-Apr-20,2020,Qtr 2,Apr,Fri
18-Apr-20,2020,Qtr 2,Apr,Sat
19-Apr-20,2020,Qtr 2,Apr,Sun
20-Apr-20,2020,Qtr 2,Apr,Mon
21-Apr-20,2020,Qtr 2,Apr,Tue
22-Apr-20,2020,Qtr 2,Apr,Wed
23-Apr-20,2020,Qtr 2,Apr,Thu
24-Apr-20,2020,Qtr 2,Apr,Fri
25-Apr-20,2020,Qtr 2,Apr,Sat
26-Apr-20,2020,Qtr 2,Apr,Sun
27-Apr-20,2020,Qtr 2,Apr,Mon
28-Apr-20,2020,Qtr 2,Apr,Tue
29-Apr-20,2020,Qtr 2,Apr,Wed
30-Apr-20,2020,Qtr 2,Apr,Thu
1-May-20,2020,Qtr 2,May,Fri
2-May-20,2020,Qtr 2,May,Sat
3-May-20,2020,Qtr 2,May,Sun
4-May-20,2020,Qtr 2,May,Mon
5-May-20,2020,Qtr 2,May,Tue
6-May-20,2020,Qtr 2,May,Wed
7-May-20,2020,Qtr 2,May,Thu
8-May-20,2020,Qtr 2,May,Fri
9-May-20,2020,Qtr 2,May,Sat
10-May-20,2020,Qtr 2,May,Sun
11-May-20,2020,Qtr 2,May,Mon
12-May-20,2020,Qtr 2,May,Tue
13-May-20,2020,Qtr 2,May,Wed
14-May-20,2020,Qtr 2,May,Thu
15-May-20,2020,Qtr 2,May,Fri
16-May-20,2020,Qtr 2,May,Sat
17-May-20,2020,Qtr 2,May,Sun
18-May-20,2020,Qtr 2,May,Mon
19-May-20,2020,Qtr 2,May,Tue
20-May-20,2020,Qtr 2,May,Wed
21-May-20,2020,Qtr 2,May,Thu
22-May-20,2020,Qtr 2,May,Fri
23-May-20,2020,Qtr 2,May,Sat
24-May-20,2020,Qtr 2,May,Sun
25-May-20,2020,Qtr 2,May,Mon
26-May-20,2020,Qtr 2,May,Tue
27-May-20,2020,Qtr 2,May,Wed
28-May-20,2020,Qtr 2,May,Thu
29-May-20,2020,Qtr 2,May,Fri
30-May-20,2020,Qtr 2,May,Sat
31-May-20,2020,Qtr 2,May,Sun
1-Jun-20,2020,Qtr 2,Jun,Mon
2-Jun-20,2020,Qtr 2,Jun,Tue
3-Jun-20,2020,Qtr 2,Jun,Wed
4-Jun-20,2020,Qtr 2,Jun,Thu
5-Jun-20,2020,Qtr 2,Jun,Fri
6-Jun-20,2020,Qtr 2,Jun,Sat
7-Jun-20,2020,Qtr 2,Jun,Sun
8-Jun-20,2020,Qtr 2,Jun,Mon
9-Jun-20,2020,Qtr 2,Jun,Tue
10-Jun-20,2020,Qtr 2,Jun,Wed
11-Jun-20,2020,Qtr 2,Jun,Thu
12-Jun-20,2020,Qtr 2,Jun,Fri
13-Jun-20,2020,Qtr 2,Jun,Sat
14-Jun-20,2020,Qtr 2,Jun,Sun
15-Jun-20,2020,Qtr 2,Jun,Mon
16-Jun-20,2020,Qtr 2,Jun,Tue
17-Jun-20,2020,Qtr 2,Jun,Wed
18-Jun-20,2020,Qtr 2,Jun,Thu
19-Jun-20,2020,Qtr 2,Jun,Fri
20-Jun-20,2020,Qtr 2,Jun,Sat
21-Jun-20,2020,Qtr 2,Jun,Sun
22-Jun-20,2020,Qtr 2,Jun,Mon
23-Jun-20,2020,Qtr 2,Jun,Tue
24-Jun-20,2020,Qtr 2,Jun,Wed
25-Jun-20,2020,Qtr 2,Jun,Thu
26-Jun-20,2020,Qtr 2,Jun,Fri
27-Jun-20,2020,Qtr 2,Jun,Sat
28-Jun-20,2020,Qtr 2,Jun,Sun
29-Jun-20,2020,Qtr 2,Jun,Mon
30-Jun-20,2020,Qtr 2,Jun,Tue
1-Jul-20,2020,Qtr 3,Jul,Wed
2-Jul-20,2020,Qtr 3,Jul,Thu
3-Jul-20,2020,Qtr 3,Jul,Fri
4-Jul-20,2020,Qtr 3,Jul,Sat
5-Jul-20,2020,Qtr 3,Jul,Sun
6-Jul-20,2020,Qtr 3,Jul,Mon
7-Jul-20,2020,Qtr 3,Jul,Tue
8-Jul-20,2020,Qtr 3,Jul,Wed
9-Jul-20,2020,Qtr 3,Jul,Thu
10-Jul-20,2020,Qtr 3,Jul,Fri
11-Jul-20,2020,Qtr 3,Jul,Sat
12-Jul-20,2020,Qtr 3,Jul,Sun
13-Jul-20,2020,Qtr 3,Jul,Mon
14-Jul-20,2020,Qtr 3,Jul,Tue
15-Jul-20,2020,Qtr 3,Jul,Wed
16-Jul-20,2020,Qtr 3,Jul,Thu
17-Jul-20,2020,Qtr 3,Jul,Fri
18-Jul-20,2020,Qtr 3,Jul,Sat
19-Jul-20,2020,Qtr 3,Jul,Sun
20-Jul-20,2020,Qtr 3,Jul,Mon
21-Jul-20,2020,Qtr 3,Jul,Tue
22-Jul-20,2020,Qtr 3,Jul,Wed
23-Jul-20,2020,Qtr 3,Jul,Thu
24-Jul-20,2020,Qtr 3,Jul,Fri
25-Jul-20,2020,Qtr 3,Jul,Sat
26-Jul-20,2020,Qtr 3,Jul,Sun
27-Jul-20,2020,Qtr 3,Jul,Mon
28-Jul-20,2020,Qtr 3,Jul,Tue
29-Jul-20,2020,Qtr 3,Jul,Wed
30-Jul-20,2020,Qtr 3,Jul,Thu
31-Jul-20,2020,Qtr 3,Jul,Fri
1-Aug-20,2020,Qtr 3,Aug,Sat
2-Aug-20,2020,Qtr 3,Aug,Sun
3-Aug-20,2020,Qtr 3,Aug,Mon
4-Aug-20,2020,Qtr 3,Aug,Tue
5-Aug-20,2020,Qtr 3,Aug,Wed
6-Aug-20,2020,Qtr 3,Aug,Thu
7-Aug-20,2020,Qtr 3,Aug,Fri
8-Aug-20,2020,Qtr 3,Aug,Sat
9-Aug-20,2020,Qtr 3,Aug,Sun
10-Aug-20,2020,Qtr 3,Aug,Mon
11-Aug-20,2020,Qtr 3,Aug,Tue
12-Aug-20,2020,Qtr 3,Aug,Wed
13-Aug-20,2020,Qtr 3,Aug,Thu
14-Aug-20,2020,Qtr 3,Aug,Fri
15-Aug-20,2020,Qtr 3,Aug,Sat
16-Aug-20,2020,Qtr 3,Aug,Sun
17-Aug-20,2020,Qtr 3,Aug,Mon
18-Aug-20,2020,Qtr 3,Aug,Tue
19-Aug-20,2020,Qtr 3,Aug,Wed
20-Aug-20,2020,Qtr 3,Aug,Thu
21-Aug-20,2020,Qtr 3,Aug,Fri
22-Aug-20,2020,Qtr 3,Aug,Sat
23-Aug-20,2020,Qtr 3,Aug,Sun
24-Aug-20,2020,Qtr 3,Aug,Mon
25-Aug-20,2020,Qtr 3,Aug,Tue
26-Aug-20,2020,Qtr 3,Aug,Wed
27-Aug-20,2020,Qtr 3,Aug,Thu
28-Aug-20,2020,Qtr 3,Aug,Fri
29-Aug-20,2020,Qtr 3,Aug,Sat
30-Aug-20,2020,Qtr 3,Aug,Sun
31-Aug-20,2020,Qtr 3,Aug,Mon
1-Sep-20,2020,Qtr 3,Sep,Tue
2-Sep-20,2020,Qtr 3,Sep,Wed
3-Sep-20,2020,Qtr 3,Sep,Thu
4-Sep-20,2020,Qtr 3,Sep,Fri
5-Sep-20,2020,Qtr 3,Sep,Sat
6-Sep-20,2020,Qtr 3,Sep,Sun
7-Sep-20,2020,Qtr 3,Sep,Mon
8-Sep-20,2020,Qtr 3,Sep,Tue
9-Sep-20,2020,Qtr 3,Sep,Wed
10-Sep-20,2020,Qtr 3,Sep,Thu
11-Sep-20,2020,Qtr 3,Sep,Fri
12-Sep-20,2020,Qtr 3,Sep,Sat
13-Sep-20,2020,Qtr 3,Sep,Sun
14-Sep-20,2020,Qtr 3,Sep,Mon
15-Sep-20,2020,Qtr 3,Sep,Tue
16-Sep-20,2020,Qtr 3,Sep,Wed
17-Sep-20,2020,Qtr 3,Sep,Thu
18-Sep-20,2020,Qtr 3,Sep,Fri
19-Sep-20,2020,Qtr 3,Sep,Sat
20-Sep-20,2020,Qtr 3,Sep,Sun
21-Sep-20,2020,Qtr 3,Sep,Mon
22-Sep-20,2020,Qtr 3,Sep,Tue
23-Sep-20,2020,Qtr 3,Sep,Wed
24-Sep-20,2020,Qtr 3,Sep,Thu
25-Sep-20,2020,Qtr 3,Sep,Fri
26-Sep-20,2020,Qtr 3,Sep,Sat
27-Sep-20,2020,Qtr 3,Sep,Sun
28-Sep-20,2020,Qtr 3,Sep,Mon
29-Sep-20,2020,Qtr 3,Sep,Tue
30-Sep-20,2020,Qtr 3,Sep,Wed
1-Oct-20,2020,Qtr 4,Oct,Thu
2-Oct-20,2020,Qtr 4,Oct,Fri
3-Oct-20,2020,Qtr 4,Oct,Sat
4-Oct-20,2020,Qtr 4,Oct,Sun
5-Oct-20,2020,Qtr 4,Oct,Mon
6-Oct-20,2020,Qtr 4,Oct,Tue
7-Oct-20,2020,Qtr 4,Oct,Wed
8-Oct-20,2020,Qtr 4,Oct,Thu
9-Oct-20,2020,Qtr 4,Oct,Fri
10-Oct-20,2020,Qtr 4,Oct,Sat
11-Oct-20,2020,Qtr 4,Oct,Sun
12-Oct-20,2020,Qtr 4,Oct,Mon
13-Oct-20,2020,Qtr 4,Oct,Tue
14-Oct-20,2020,Qtr 4,Oct,Wed
15-Oct-20,2020,Qtr 4,Oct,Thu
16-Oct-20,2020,Qtr 4,Oct,Fri
17-Oct-20,2020,Qtr 4,Oct,Sat
18-Oct-20,2020,Qtr 4,Oct,Sun
19-Oct-20,2020,Qtr 4,Oct,Mon
20-Oct-20,2020,Qtr 4,Oct,Tue
21-Oct-20,2020,Qtr 4,Oct,Wed
22-Oct-20,2020,Qtr 4,Oct,Thu
23-Oct-20,2020,Qtr 4,Oct,Fri
24-Oct-20,2020,Qtr 4,Oct,Sat
25-Oct-20,2020,Qtr 4,Oct,Sun
26-Oct-20,2020,Qtr 4,Oct,Mon
27-Oct-20,2020,Qtr 4,Oct,Tue
28-Oct-20,2020,Qtr 4,Oct,Wed
29-Oct-20,2020,Qtr 4,Oct,Thu
30-Oct-20,2020,Qtr 4,Oct,Fri
31-Oct-20,2020,Qtr 4,Oct,Sat
1-Nov-20,2020,Qtr 4,Nov,Sun
2-Nov-20,2020,Qtr 4,Nov,Mon
3-Nov-20,2020,Qtr 4,Nov,Tue
4-Nov-20,2020,Qtr 4,Nov,Wed
5-Nov-20,2020,Qtr 4,Nov,Thu
6-Nov-20,2020,Qtr 4,Nov,Fri
7-Nov-20,2020,Qtr 4,Nov,Sat
8-Nov-20,2020,Qtr 4,Nov,Sun
9-Nov-20,2020,Qtr 4,Nov,Mon
10-Nov-20,2020,Qtr 4,Nov,Tue
11-Nov-20,2020,Qtr 4,Nov,Wed
12-Nov-20,2020,Qtr 4,Nov,Thu
13-Nov-20,2020,Qtr 4,Nov,Fri
14-Nov-20,2020,Qtr 4,Nov,Sat
15-Nov-20,2020,Qtr 4,Nov,Sun
16-Nov-20,2020,Qtr 4,Nov,Mon
17-Nov-20,2020,Qtr 4,Nov,Tue
18-Nov-20,2020,Qtr 4,Nov,Wed
19-Nov-20,2020,Qtr 4,Nov,Thu
20-Nov-20,2020,Qtr 4,Nov,Fri
21-Nov-20,2020,Qtr 4,Nov,Sat
22-Nov-20,2020,Qtr 4,Nov,Sun
23-Nov-20,2020,Qtr 4,Nov,Mon
24-Nov-20,2020,Qtr 4,Nov,Tue
25-Nov-20,2020,Qtr 4,Nov,Wed
26-Nov-20,2020,Qtr 4,Nov,Thu
27-Nov-20,2020,Qtr 4,Nov,Fri
28-Nov-20,2020,Qtr 4,Nov,Sat
29-Nov-20,2020,Qtr 4,Nov,Sun
30-Nov-20,2020,Qtr 4,Nov,Mon
1-Dec-20,2020,Qtr 4,Dec,Tue
2-Dec-20,2020,Qtr 4,Dec,Wed
3-Dec-20,2020,Qtr 4,Dec,Thu
4-Dec-20,2020,Qtr 4,Dec,Fri
5-Dec-20,2020,Qtr 4,Dec,Sat
6-Dec-20,2020,Qtr 4,Dec,Sun
7-Dec-20,2020,Qtr 4,Dec,Mon
8-Dec-20,2020,Qtr 4,Dec,Tue
9-Dec-20,2020,Qtr 4,Dec,Wed
10-Dec-20,2020,Qtr 4,Dec,Thu
11-Dec-20,2020,Qtr 4,Dec,Fri
12-Dec-20,2020,Qtr 4,Dec,Sat
13-Dec-20,2020,Qtr 4,Dec,Sun
14-Dec-20,2020,Qtr 4,Dec,Mon
15-Dec-20,2020,Qtr 4,Dec,Tue
16-Dec-20,2020,Qtr 4,Dec,Wed
17-Dec-20,2020,Qtr 4,Dec,Thu
18-Dec-20,2020,Qtr 4,Dec,Fri
19-Dec-20,2020,Qtr 4,Dec,Sat
20-Dec-20,2020,Qtr 4,Dec,Sun
21-Dec-20,2020,Qtr 4,Dec,Mon
22-Dec-20,2020,Qtr 4,Dec,Tue
23-Dec-20,2020,Qtr 4,Dec,Wed
24-Dec-20,2020,Qtr 4,Dec,Thu
25-Dec-20,2020,Qtr 4,Dec,Fri
26-Dec-20,2020,Qtr 4,Dec,Sat
27-Dec-20,2020,Qtr 4,Dec,Sun
28-Dec-20,2020,Qtr 4,Dec,Mon
29-Dec-20,2020,Qtr 4,Dec,Tue
30-Dec-20,2020,Qtr 4,Dec,Wed
31-Dec-20,2020,Qtr 4,Dec,Thu
